{
  "nodes": {},
  "viewport": {
    "x": 133.9236947791165,
    "y": 34,
    "zoom": 1.3895582329317269
  }
}
